<?xml version="1.0" encoding="UTF-8"?>
<PeakList>
  <PeakList1D>
    <PeakList1DHeader creator="nmr" date="2025-09-25T16:01:16.756-07:00" expNo="10" name="2025_09_25_AcAc_CDCl3_TMS_Bruker500" owner="" procNo="1" source="D:/AutomationData/data/nmr/nmr">
      <PeakPickDetails>F1=20.868624ppm, F2=-8.534320ppm, MI=0.10cm, MAXI=10000.00cm, PC=1.000
      </PeakPickDetails>
    </PeakList1DHeader>
    <Peak1D F1="7.276912" intensity="1.963196e-01" type="0"/>
    <Peak1D F1="5.506294" intensity="2.449517e+00" type="0"/>
    <Peak1D F1="3.595725" intensity="5.989213e-01" type="0"/>
    <Peak1D F1="2.244162" intensity="2.283294e+00" type="0"/>
    <Peak1D F1="2.065840" intensity="1.070558e-01" type="0"/>
    <Peak1D F1="2.048397" intensity="1.500000e+01" type="0"/>
    <Peak1D F1="2.027654" intensity="1.079677e-01" type="0"/>
    <Peak1D F1="-0.000224" intensity="4.761583e-01" type="0"/>
  </PeakList1D>
</PeakList>
