<?xml version="1.0" encoding="UTF-8"?>
<PeakList>
  <PeakList1D>
    <PeakList1DHeader creator="nmr" date="2025-09-25T19:03:56.151-07:00" expNo="10" name="2025_09_25_AcAc_D2O_TMS_Bruker500" owner="" procNo="1" source="D:/AutomationData/data/nmr/nmr">
      <PeakPickDetails>F1=20.948181ppm, F2=-8.454765ppm, MI=0.10cm, MAXI=10000.00cm, PC=1.000
      </PeakPickDetails>
    </PeakList1DHeader>
    <Peak1D F1="4.774297" intensity="2.413063e+01" type="0"/>
    <Peak1D F1="2.262971" intensity="1.500000e+01" type="0"/>
    <Peak1D F1="2.251702" intensity="8.997687e-01" type="0"/>
    <Peak1D F1="2.247213" intensity="8.488941e-01" type="0"/>
    <Peak1D F1="2.242748" intensity="7.462591e-01" type="0"/>
    <Peak1D F1="2.063788" intensity="2.343620e+00" type="0"/>
    <Peak1D F1="2.053618" intensity="1.519757e-01" type="0"/>
    <Peak1D F1="2.049161" intensity="1.369497e-01" type="0"/>
    <Peak1D F1="2.044536" intensity="1.139949e-01" type="0"/>
  </PeakList1D>
</PeakList>
