<?xml version="1.0" encoding="UTF-8"?>
<PeakList>
  <PeakList1D>
    <PeakList1DHeader creator="nmr" date="2025-02-19T14:30:06.872-07:00" expNo="10" name="2025_02_19_AcAc_THF_Bruker500" owner="" procNo="1" source="D:/AutomationData/data/nmr/nmr">
      <PeakPickDetails>F1=20.876471ppm, F2=-8.526473ppm, MI=0.10cm, MAXI=10000.00cm, PC=1.000
      </PeakPickDetails>
    </PeakList1DHeader>
    <Peak1D F1="15.677634" intensity="1.316962e-01" type="0"/>
    <Peak1D F1="10.852561" intensity="1.076416e-01" type="0"/>
    <Peak1D F1="5.584887" intensity="2.063068e+00" type="0"/>
    <Peak1D F1="3.617307" intensity="9.092511e-01" type="0"/>
    <Peak1D F1="3.586612" intensity="5.593323e-01" type="0"/>
    <Peak1D F1="2.151707" intensity="2.206664e+00" type="0"/>
    <Peak1D F1="2.143791" intensity="1.367199e-01" type="0"/>
    <Peak1D F1="2.034516" intensity="1.507613e-01" type="0"/>
    <Peak1D F1="2.017865" intensity="1.500000e+01" type="0"/>
    <Peak1D F1="2.003662" intensity="1.503347e-01" type="0"/>
    <Peak1D F1="1.764938" intensity="7.395207e-01" type="0"/>
  </PeakList1D>
</PeakList>
