<?xml version="1.0" encoding="UTF-8"?>
<PeakList>
  <PeakList1D>
    <PeakList1DHeader creator="nmr" date="2025-02-21T15:43:24.987-07:00" expNo="10" name="2025_02_21_AcAc_MeOD_Temp_298K" owner="" procNo="1" source="D:/AutomationData/data/nmr/nmr">
      <PeakPickDetails>F1=20.852810ppm, F2=-8.550133ppm, MI=0.10cm, MAXI=10000.00cm, PC=1.000
      </PeakPickDetails>
    </PeakList1DHeader>
    <Peak1D F1="4.829322" intensity="4.543943e+00" type="0"/>
    <Peak1D F1="3.920830" intensity="1.070465e-01" type="0"/>
    <Peak1D F1="3.308030" intensity="8.176451e-01" type="0"/>
    <Peak1D F1="3.305436" intensity="1.011423e+00" type="0"/>
    <Peak1D F1="2.235909" intensity="6.609529e-01" type="0"/>
    <Peak1D F1="2.187157" intensity="7.144169e+00" type="0"/>
    <Peak1D F1="2.183459" intensity="8.456234e+00" type="0"/>
    <Peak1D F1="2.170827" intensity="2.036131e-01" type="0"/>
    <Peak1D F1="2.150359" intensity="7.879317e-01" type="0"/>
    <Peak1D F1="2.024199" intensity="1.500000e+01" type="0"/>
    <Peak1D F1="1.323019" intensity="7.648074e+00" type="0"/>
    <Peak1D F1="1.310353" intensity="1.135350e-01" type="0"/>
    <Peak1D F1="1.154525" intensity="1.099398e+00" type="0"/>
    <Peak1D F1="1.142215" intensity="1.090533e+00" type="0"/>
    <Peak1D F1="-0.000224" intensity="9.383662e-01" type="0"/>
  </PeakList1D>
</PeakList>
