<?xml version="1.0" encoding="UTF-8"?>
<PeakList>
  <PeakList1D>
    <PeakList1DHeader creator="nmr" date="2025-09-25T16:14:51.232-07:00" expNo="10" name="2025_09_25_AcAc_CD2Cl2_Bruker500" owner="" procNo="1" source="D:/AutomationData/data/nmr/nmr">
      <PeakPickDetails>F1=20.876471ppm, F2=-8.526473ppm, MI=0.10cm, MAXI=10000.00cm, PC=1.000
      </PeakPickDetails>
    </PeakList1DHeader>
    <Peak1D F1="15.547249" intensity="2.142389e+00" type="0"/>
    <Peak1D F1="5.555386" intensity="1.500000e+01" type="0"/>
    <Peak1D F1="5.540113" intensity="1.717323e-01" type="0"/>
    <Peak1D F1="5.531639" intensity="1.175105e-01" type="0"/>
    <Peak1D F1="5.360711" intensity="6.608911e-01" type="0"/>
    <Peak1D F1="5.358661" intensity="7.347114e-01" type="0"/>
    <Peak1D F1="5.356612" intensity="6.457603e-01" type="0"/>
    <Peak1D F1="3.601445" intensity="5.463294e+00" type="0"/>
    <Peak1D F1="2.353208" intensity="1.474756e-01" type="0"/>
    <Peak1D F1="2.344240" intensity="1.801918e-01" type="0"/>
    <Peak1D F1="2.306053" intensity="1.240481e-01" type="0"/>
    <Peak1D F1="2.302187" intensity="5.254282e-01" type="0"/>
    <Peak1D F1="2.293568" intensity="1.749980e-01" type="0"/>
    <Peak1D F1="2.290503" intensity="1.497797e-01" type="0"/>
    <Peak1D F1="2.276914" intensity="2.169107e-01" type="0"/>
    <Peak1D F1="2.270187" intensity="1.005240e-01" type="0"/>
    <Peak1D F1="2.244812" intensity="2.761021e-01" type="0"/>
    <Peak1D F1="2.239300" intensity="1.526953e-01" type="0"/>
    <Peak1D F1="2.227534" intensity="2.107967e+01" type="0"/>
    <Peak1D F1="2.212981" intensity="2.250807e-01" type="0"/>
    <Peak1D F1="2.203887" intensity="1.788108e-01" type="0"/>
    <Peak1D F1="2.185706" intensity="4.925513e-01" type="0"/>
    <Peak1D F1="2.179461" intensity="1.436180e-01" type="0"/>
    <Peak1D F1="2.177700" intensity="1.392227e-01" type="0"/>
    <Peak1D F1="2.164594" intensity="1.602779e-01" type="0"/>
    <Peak1D F1="2.146242" intensity="1.053245e-01" type="0"/>
    <Peak1D F1="2.116394" intensity="1.824027e-01" type="0"/>
    <Peak1D F1="2.103050" intensity="3.544782e-01" type="0"/>
    <Peak1D F1="2.095928" intensity="2.335664e-01" type="0"/>
    <Peak1D F1="2.092088" intensity="1.778701e-01" type="0"/>
    <Peak1D F1="2.087784" intensity="2.951683e-01" type="0"/>
    <Peak1D F1="2.085929" intensity="3.527200e-01" type="0"/>
    <Peak1D F1="2.081048" intensity="1.807897e-01" type="0"/>
    <Peak1D F1="2.077987" intensity="5.187265e-01" type="0"/>
    <Peak1D F1="2.072124" intensity="5.085032e-01" type="0"/>
    <Peak1D F1="2.059729" intensity="9.710444e+01" type="0"/>
    <Peak1D F1="2.044620" intensity="9.144219e-01" type="0"/>
    <Peak1D F1="2.039332" intensity="4.635641e-01" type="0"/>
    <Peak1D F1="2.035887" intensity="6.751090e-01" type="0"/>
    <Peak1D F1="2.029134" intensity="3.645943e-01" type="0"/>
    <Peak1D F1="2.021676" intensity="3.155364e-01" type="0"/>
    <Peak1D F1="2.007550" intensity="1.770313e-01" type="0"/>
    <Peak1D F1="1.996314" intensity="2.561275e-01" type="0"/>
    <Peak1D F1="1.983204" intensity="1.018008e-01" type="0"/>
    <Peak1D F1="1.977930" intensity="1.326676e-01" type="0"/>
    <Peak1D F1="1.963498" intensity="1.165003e-01" type="0"/>
    <Peak1D F1="1.937576" intensity="3.582726e-01" type="0"/>
    <Peak1D F1="1.930163" intensity="5.969213e-01" type="0"/>
    <Peak1D F1="1.492694" intensity="1.208153e-01" type="0"/>
  </PeakList1D>
</PeakList>
