<?xml version="1.0" encoding="UTF-8"?>
<PeakList>
  <PeakList1D>
    <PeakList1DHeader creator="nmr" date="2025-02-21T16:13:18.035-07:00" expNo="10" name="2025_02_21_AcAc_MeOD_Temp_313K" owner="" procNo="1" source="D:/AutomationData/data/nmr/nmr">
      <PeakPickDetails>F1=20.853870ppm, F2=-8.549073ppm, MI=0.10cm, MAXI=10000.00cm, PC=1.000
      </PeakPickDetails>
    </PeakList1DHeader>
    <Peak1D F1="4.769874" intensity="4.046563e+00" type="0"/>
    <Peak1D F1="3.921481" intensity="1.091179e-01" type="0"/>
    <Peak1D F1="3.306559" intensity="1.087950e+00" type="0"/>
    <Peak1D F1="2.235545" intensity="6.822563e-01" type="0"/>
    <Peak1D F1="2.187807" intensity="7.110834e+00" type="0"/>
    <Peak1D F1="2.182942" intensity="8.760311e+00" type="0"/>
    <Peak1D F1="2.149339" intensity="8.263075e-01" type="0"/>
    <Peak1D F1="2.023618" intensity="1.500000e+01" type="0"/>
    <Peak1D F1="1.985680" intensity="1.037039e-01" type="0"/>
    <Peak1D F1="1.325406" intensity="7.909561e+00" type="0"/>
    <Peak1D F1="1.155170" intensity="1.130001e+00" type="0"/>
    <Peak1D F1="1.142871" intensity="1.126822e+00" type="0"/>
    <Peak1D F1="-0.000224" intensity="9.607868e-01" type="0"/>
  </PeakList1D>
</PeakList>
