<?xml version="1.0" encoding="UTF-8"?>
<PeakList>
  <PeakList1D>
    <PeakList1DHeader creator="nmr" date="2025-02-21T15:55:08.478-07:00" expNo="10" name="2025_02_21_AcAc_MeOD_Temp_303K" owner="" procNo="1" source="D:/AutomationData/data/nmr/nmr">
      <PeakPickDetails>F1=20.853979ppm, F2=-8.548965ppm, MI=0.10cm, MAXI=10000.00cm, PC=1.000
      </PeakPickDetails>
    </PeakList1DHeader>
    <Peak1D F1="4.768975" intensity="3.843310e+00" type="0"/>
    <Peak1D F1="3.921565" intensity="1.100103e-01" type="0"/>
    <Peak1D F1="3.306587" intensity="1.062155e+00" type="0"/>
    <Peak1D F1="2.235563" intensity="6.744815e-01" type="0"/>
    <Peak1D F1="2.187828" intensity="6.921404e+00" type="0"/>
    <Peak1D F1="2.182920" intensity="8.597949e+00" type="0"/>
    <Peak1D F1="2.149356" intensity="8.200049e-01" type="0"/>
    <Peak1D F1="2.023621" intensity="1.500000e+01" type="0"/>
    <Peak1D F1="1.985775" intensity="1.057137e-01" type="0"/>
    <Peak1D F1="1.325457" intensity="7.836844e+00" type="0"/>
    <Peak1D F1="1.155200" intensity="1.124072e+00" type="0"/>
    <Peak1D F1="1.142894" intensity="1.118031e+00" type="0"/>
    <Peak1D F1="-0.000222" intensity="9.567370e-01" type="0"/>
  </PeakList1D>
</PeakList>
