<?xml version="1.0" encoding="UTF-8"?>
<PeakList>
  <PeakList1D>
    <PeakList1DHeader creator="nmr" date="2025-02-21T14:32:36.625-07:00" expNo="10" name="2025_02_21_AcAc_CDCl3_Temp_308K" owner="" procNo="1" source="D:/AutomationData/data/nmr/nmr">
      <PeakPickDetails>F1=20.865280ppm, F2=-8.537663ppm, MI=0.10cm, MAXI=10000.00cm, PC=1.000
      </PeakPickDetails>
    </PeakList1DHeader>
    <Peak1D F1="7.273224" intensity="1.921673e-01" type="0"/>
    <Peak1D F1="5.499274" intensity="2.469464e+00" type="0"/>
    <Peak1D F1="3.586728" intensity="7.096568e-01" type="0"/>
    <Peak1D F1="2.237908" intensity="2.557516e+00" type="0"/>
    <Peak1D F1="2.043559" intensity="1.500000e+01" type="0"/>
    <Peak1D F1="2.030153" intensity="1.134928e-01" type="0"/>
    <Peak1D F1="2.024820" intensity="1.054265e-01" type="0"/>
    <Peak1D F1="-0.000222" intensity="4.690797e-01" type="0"/>
  </PeakList1D>
</PeakList>
