<?xml version="1.0" encoding="UTF-8"?>
<PeakList>
  <PeakList1D>
    <PeakList1DHeader creator="nmr" date="2025-09-25T16:25:31.664-07:00" expNo="10" name="2025_09_25_AcAc_DMSO_TMS_Bruker500" owner="" procNo="1" source="D:/AutomationData/data/nmr/nmr">
      <PeakPickDetails>F1=20.871460ppm, F2=-8.531484ppm, MI=0.10cm, MAXI=10000.00cm, PC=1.000
      </PeakPickDetails>
    </PeakList1DHeader>
    <Peak1D F1="5.687149" intensity="2.370658e+00" type="0"/>
    <Peak1D F1="3.686607" intensity="2.527607e+00" type="0"/>
    <Peak1D F1="2.510792" intensity="1.521560e-01" type="0"/>
    <Peak1D F1="2.507346" intensity="3.128954e-01" type="0"/>
    <Peak1D F1="2.503792" intensity="4.261245e-01" type="0"/>
    <Peak1D F1="2.500233" intensity="3.147285e-01" type="0"/>
    <Peak1D F1="2.496796" intensity="1.560134e-01" type="0"/>
    <Peak1D F1="2.151282" intensity="1.300727e-01" type="0"/>
    <Peak1D F1="2.135464" intensity="9.651698e+00" type="0"/>
    <Peak1D F1="2.025489" intensity="1.500000e+01" type="0"/>
    <Peak1D F1="2.010289" intensity="1.484009e-01" type="0"/>
    <Peak1D F1="2.006351" intensity="1.477764e-01" type="0"/>
    <Peak1D F1="1.904320" intensity="1.010769e-01" type="0"/>
    <Peak1D F1="-0.000224" intensity="1.172744e-01" type="0"/>
  </PeakList1D>
</PeakList>
