<?xml version="1.0" encoding="UTF-8"?>
<PeakList>
  <PeakList1D>
    <PeakList1DHeader creator="nmr" date="2025-09-25T17:00:20.202-07:00" expNo="10" name="2025_09_25_AcAc_Benzene_TMS_Bruker500" owner="" procNo="1" source="D:/AutomationData/data/nmr/nmr">
      <PeakPickDetails>F1=20.884460ppm, F2=-8.518484ppm, MI=0.10cm, MAXI=10000.00cm, PC=1.000
      </PeakPickDetails>
    </PeakList1DHeader>
    <Peak1D F1="16.159849" intensity="1.709205e-01" type="0"/>
    <Peak1D F1="7.160144" intensity="9.047481e-01" type="0"/>
    <Peak1D F1="4.946152" intensity="2.351875e+00" type="0"/>
    <Peak1D F1="2.804989" intensity="3.776071e-01" type="0"/>
    <Peak1D F1="1.648063" intensity="1.428154e+00" type="0"/>
    <Peak1D F1="1.596464" intensity="1.500000e+01" type="0"/>
    <Peak1D F1="1.580900" intensity="1.122109e-01" type="0"/>
    <Peak1D F1="-0.000224" intensity="5.077181e-01" type="0"/>
  </PeakList1D>
</PeakList>
