<?xml version="1.0" encoding="UTF-8"?>
<PeakList>
  <PeakList1D>
    <PeakList1DHeader creator="nmr" date="2025-09-25T16:36:43.999-07:00" expNo="10" name="2025_09_25_AcAc_Acetone_TMS_Bruker500" owner="" procNo="1" source="D:/AutomationData/data/nmr/nmr">
      <PeakPickDetails>F1=20.862051ppm, F2=-8.540892ppm, MI=0.10cm, MAXI=10000.00cm, PC=1.000
      </PeakPickDetails>
    </PeakList1DHeader>
    <Peak1D F1="15.661714" intensity="5.410023e-01" type="0"/>
    <Peak1D F1="5.635473" intensity="1.500000e+01" type="0"/>
    <Peak1D F1="3.671274" intensity="9.370066e+00" type="0"/>
    <Peak1D F1="3.655066" intensity="4.124913e-01" type="0"/>
    <Peak1D F1="3.650387" intensity="4.064179e-01" type="0"/>
    <Peak1D F1="3.645843" intensity="3.577785e-01" type="0"/>
    <Peak1D F1="2.305219" intensity="3.541316e-01" type="0"/>
    <Peak1D F1="2.290859" intensity="2.638947e-01" type="0"/>
    <Peak1D F1="2.268398" intensity="1.089351e-01" type="0"/>
    <Peak1D F1="2.249721" intensity="1.191195e-01" type="0"/>
    <Peak1D F1="2.215918" intensity="1.403026e-01" type="0"/>
    <Peak1D F1="2.205241" intensity="4.683599e-01" type="0"/>
    <Peak1D F1="2.197159" intensity="2.292856e-01" type="0"/>
    <Peak1D F1="2.191274" intensity="2.841899e-01" type="0"/>
    <Peak1D F1="2.164992" intensity="3.967294e+01" type="0"/>
    <Peak1D F1="2.140779" intensity="1.035005e+00" type="0"/>
    <Peak1D F1="2.130923" intensity="2.311584e-01" type="0"/>
    <Peak1D F1="2.127079" intensity="4.396365e-01" type="0"/>
    <Peak1D F1="2.118646" intensity="1.137012e-01" type="0"/>
    <Peak1D F1="2.108914" intensity="1.102446e-01" type="0"/>
    <Peak1D F1="2.101103" intensity="1.437641e-01" type="0"/>
    <Peak1D F1="2.093585" intensity="1.221350e-01" type="0"/>
    <Peak1D F1="2.088858" intensity="1.728386e-01" type="0"/>
    <Peak1D F1="2.076930" intensity="2.097612e-01" type="0"/>
    <Peak1D F1="2.071997" intensity="2.966914e-01" type="0"/>
    <Peak1D F1="2.061527" intensity="1.042737e+00" type="0"/>
    <Peak1D F1="2.057179" intensity="1.869866e+00" type="0"/>
    <Peak1D F1="2.052822" intensity="2.473187e+00" type="0"/>
    <Peak1D F1="2.048360" intensity="1.862932e+00" type="0"/>
    <Peak1D F1="2.044033" intensity="1.278123e+00" type="0"/>
    <Peak1D F1="2.035058" intensity="1.137293e+00" type="0"/>
    <Peak1D F1="2.014906" intensity="1.264585e+02" type="0"/>
    <Peak1D F1="1.986218" intensity="6.273993e-01" type="0"/>
    <Peak1D F1="1.980459" intensity="5.012820e-01" type="0"/>
    <Peak1D F1="1.974083" intensity="2.218503e-01" type="0"/>
    <Peak1D F1="1.968561" intensity="2.056914e-01" type="0"/>
    <Peak1D F1="1.961353" intensity="4.692242e-01" type="0"/>
    <Peak1D F1="1.954970" intensity="2.095415e-01" type="0"/>
    <Peak1D F1="1.944055" intensity="2.130580e-01" type="0"/>
    <Peak1D F1="1.935375" intensity="1.558567e-01" type="0"/>
    <Peak1D F1="1.921372" intensity="1.710051e-01" type="0"/>
    <Peak1D F1="1.912998" intensity="1.030052e-01" type="0"/>
    <Peak1D F1="1.907742" intensity="1.314864e-01" type="0"/>
    <Peak1D F1="1.893727" intensity="3.452389e-01" type="0"/>
    <Peak1D F1="1.885397" intensity="7.417923e-01" type="0"/>
    <Peak1D F1="1.521452" intensity="3.057438e-01" type="0"/>
    <Peak1D F1="0.116263" intensity="1.498294e-01" type="0"/>
    <Peak1D F1="0.031993" intensity="1.044781e-01" type="0"/>
    <Peak1D F1="0.026124" intensity="1.283028e-01" type="0"/>
    <Peak1D F1="0.019518" intensity="2.131025e-01" type="0"/>
    <Peak1D F1="-0.000224" intensity="3.428206e+01" type="0"/>
    <Peak1D F1="-0.006672" intensity="1.997678e+00" type="0"/>
    <Peak1D F1="-0.029159" intensity="1.315360e-01" type="0"/>
    <Peak1D F1="-0.034746" intensity="1.047229e-01" type="0"/>
    <Peak1D F1="-0.120167" intensity="2.052110e-01" type="0"/>
  </PeakList1D>
</PeakList>
