<?xml version="1.0" encoding="UTF-8"?>
<PeakList>
  <PeakList1D>
    <PeakList1DHeader creator="nmr" date="2025-02-19T12:46:59.724-07:00" expNo="10" name="2025_02_19_AcAc_Acetone_Bruker500" owner="" procNo="1" source="D:/AutomationData/data/nmr/nmr">
      <PeakPickDetails>F1=20.861771ppm, F2=-8.541173ppm, MI=0.10cm, MAXI=10000.00cm, PC=1.000
      </PeakPickDetails>
    </PeakList1DHeader>
    <Peak1D F1="15.659430" intensity="5.188407e-01" type="0"/>
    <Peak1D F1="5.634497" intensity="1.500000e+01" type="0"/>
    <Peak1D F1="3.670336" intensity="9.564698e+00" type="0"/>
    <Peak1D F1="3.653817" intensity="3.749011e-01" type="0"/>
    <Peak1D F1="3.649612" intensity="3.710025e-01" type="0"/>
    <Peak1D F1="3.644777" intensity="3.313955e-01" type="0"/>
    <Peak1D F1="2.304767" intensity="2.907993e-01" type="0"/>
    <Peak1D F1="2.290740" intensity="2.414653e-01" type="0"/>
    <Peak1D F1="2.249379" intensity="1.049126e-01" type="0"/>
    <Peak1D F1="2.212835" intensity="1.195863e-01" type="0"/>
    <Peak1D F1="2.205642" intensity="3.247608e-01" type="0"/>
    <Peak1D F1="2.197124" intensity="1.355408e-01" type="0"/>
    <Peak1D F1="2.190350" intensity="1.900012e-01" type="0"/>
    <Peak1D F1="2.186978" intensity="2.045965e-01" type="0"/>
    <Peak1D F1="2.164801" intensity="3.886823e+01" type="0"/>
    <Peak1D F1="2.146892" intensity="3.108037e-01" type="0"/>
    <Peak1D F1="2.140348" intensity="8.232197e-01" type="0"/>
    <Peak1D F1="2.131098" intensity="1.854879e-01" type="0"/>
    <Peak1D F1="2.126550" intensity="3.834937e-01" type="0"/>
    <Peak1D F1="2.088490" intensity="1.159719e-01" type="0"/>
    <Peak1D F1="2.076592" intensity="1.178437e-01" type="0"/>
    <Peak1D F1="2.071288" intensity="1.696050e-01" type="0"/>
    <Peak1D F1="2.061024" intensity="9.223346e-01" type="0"/>
    <Peak1D F1="2.056637" intensity="1.571842e+00" type="0"/>
    <Peak1D F1="2.052366" intensity="1.895298e+00" type="0"/>
    <Peak1D F1="2.047908" intensity="1.416223e+00" type="0"/>
    <Peak1D F1="2.043751" intensity="7.742622e-01" type="0"/>
    <Peak1D F1="2.035813" intensity="8.427908e-01" type="0"/>
    <Peak1D F1="2.014476" intensity="1.172888e+02" type="0"/>
    <Peak1D F1="1.996807" intensity="9.463732e-01" type="0"/>
    <Peak1D F1="1.989248" intensity="4.619758e-01" type="0"/>
    <Peak1D F1="1.986267" intensity="4.802584e-01" type="0"/>
    <Peak1D F1="1.978196" intensity="3.816068e-01" type="0"/>
    <Peak1D F1="1.960965" intensity="3.282216e-01" type="0"/>
    <Peak1D F1="1.955601" intensity="1.042463e-01" type="0"/>
    <Peak1D F1="1.884968" intensity="6.898565e-01" type="0"/>
    <Peak1D F1="1.521572" intensity="2.514762e-01" type="0"/>
    <Peak1D F1="0.116487" intensity="1.488646e-01" type="0"/>
    <Peak1D F1="0.021884" intensity="1.434473e-01" type="0"/>
    <Peak1D F1="-0.000226" intensity="3.054109e+01" type="0"/>
    <Peak1D F1="-0.017952" intensity="1.910198e-01" type="0"/>
    <Peak1D F1="-0.028518" intensity="1.026860e-01" type="0"/>
    <Peak1D F1="-0.119957" intensity="1.535285e-01" type="0"/>
  </PeakList1D>
</PeakList>
