<?xml version="1.0" encoding="UTF-8"?>
<PeakList>
  <PeakList1D>
    <PeakList1DHeader creator="nmr" date="2025-09-30T16:10:49.099-07:00" expNo="10" name="2025_09_30_AcAc_Toluene_TMS_Bruker500" owner="" procNo="1" source="D:/AutomationData/data/nmr/nmr">
      <PeakPickDetails>F1=20.876471ppm, F2=-8.526473ppm, MI=0.10cm, MAXI=10000.00cm, PC=1.000
      </PeakPickDetails>
    </PeakList1DHeader>
    <Peak1D F1="16.076030" intensity="2.545908e-01" type="0"/>
    <Peak1D F1="7.133617" intensity="5.165221e-01" type="0"/>
    <Peak1D F1="7.052019" intensity="2.559636e-01" type="0"/>
    <Peak1D F1="7.014179" intensity="6.367544e-01" type="0"/>
    <Peak1D F1="4.986590" intensity="2.369265e+00" type="0"/>
    <Peak1D F1="2.821283" intensity="3.080024e-01" type="0"/>
    <Peak1D F1="2.135448" intensity="2.376480e-01" type="0"/>
    <Peak1D F1="2.131042" intensity="4.654648e-01" type="0"/>
    <Peak1D F1="2.126634" intensity="6.673537e-01" type="0"/>
    <Peak1D F1="2.122239" intensity="4.689156e-01" type="0"/>
    <Peak1D F1="2.117857" intensity="2.427173e-01" type="0"/>
    <Peak1D F1="1.688829" intensity="1.196176e+00" type="0"/>
    <Peak1D F1="1.642765" intensity="1.500000e+01" type="0"/>
  </PeakList1D>
</PeakList>
