<?xml version="1.0" encoding="UTF-8"?>
<PeakList>
  <PeakList1D>
    <PeakList1DHeader creator="nmr" date="2025-01-31T14:07:05.602-07:00" expNo="10" name="2025_01_31_AcAc_d6_Acetone_FS_3mm_1H_NMR_Bruker500" owner="" procNo="1" source="D:/AutomationData/data/nmr/nmr">
      <PeakPickDetails>F1=20.861830ppm, F2=-8.541114ppm, MI=0.10cm, MAXI=10000.00cm, PC=1.000
      </PeakPickDetails>
    </PeakList1DHeader>
    <Peak1D F1="15.658709" intensity="5.377811e-01" type="0"/>
    <Peak1D F1="5.634256" intensity="1.500000e+01" type="0"/>
    <Peak1D F1="3.670057" intensity="9.563828e+00" type="0"/>
    <Peak1D F1="3.653802" intensity="3.824967e-01" type="0"/>
    <Peak1D F1="3.649132" intensity="3.862195e-01" type="0"/>
    <Peak1D F1="3.644740" intensity="3.375535e-01" type="0"/>
    <Peak1D F1="2.304679" intensity="2.800330e-01" type="0"/>
    <Peak1D F1="2.290522" intensity="2.452713e-01" type="0"/>
    <Peak1D F1="2.205365" intensity="2.962302e-01" type="0"/>
    <Peak1D F1="2.190872" intensity="1.912194e-01" type="0"/>
    <Peak1D F1="2.164648" intensity="3.852589e+01" type="0"/>
    <Peak1D F1="2.140326" intensity="8.345973e-01" type="0"/>
    <Peak1D F1="2.131115" intensity="1.869337e-01" type="0"/>
    <Peak1D F1="2.126297" intensity="3.068675e-01" type="0"/>
    <Peak1D F1="2.087751" intensity="1.011618e-01" type="0"/>
    <Peak1D F1="2.060704" intensity="8.149493e-01" type="0"/>
    <Peak1D F1="2.056493" intensity="1.474603e+00" type="0"/>
    <Peak1D F1="2.052234" intensity="2.067676e+00" type="0"/>
    <Peak1D F1="2.047860" intensity="1.476238e+00" type="0"/>
    <Peak1D F1="2.043696" intensity="9.824893e-01" type="0"/>
    <Peak1D F1="2.014328" intensity="1.161169e+02" type="0"/>
    <Peak1D F1="1.991612" intensity="6.160920e-01" type="0"/>
    <Peak1D F1="1.980458" intensity="2.412132e-01" type="0"/>
    <Peak1D F1="1.972327" intensity="1.429193e-01" type="0"/>
    <Peak1D F1="1.966519" intensity="1.155178e-01" type="0"/>
    <Peak1D F1="1.960951" intensity="2.402072e-01" type="0"/>
    <Peak1D F1="1.952093" intensity="1.004059e-01" type="0"/>
    <Peak1D F1="1.884857" intensity="6.852857e-01" type="0"/>
    <Peak1D F1="1.521477" intensity="2.496379e-01" type="0"/>
    <Peak1D F1="0.116311" intensity="1.576099e-01" type="0"/>
    <Peak1D F1="-0.000223" intensity="2.935583e+01" type="0"/>
    <Peak1D F1="-0.023225" intensity="1.211125e-01" type="0"/>
    <Peak1D F1="-0.120077" intensity="1.508100e-01" type="0"/>
  </PeakList1D>
</PeakList>
