<?xml version="1.0" encoding="UTF-8"?>
<PeakList>
  <PeakList1D>
    <PeakList1DHeader creator="nmr" date="2025-09-25T15:48:32.738-07:00" expNo="10" name="2025_09_25_AcAc_THF_Bruker500" owner="" procNo="1" source="D:/AutomationData/data/nmr/nmr">
      <PeakPickDetails>F1=20.876471ppm, F2=-8.526473ppm, MI=0.10cm, MAXI=10000.00cm, PC=1.000
      </PeakPickDetails>
    </PeakList1DHeader>
    <Peak1D F1="15.679658" intensity="8.241482e-01" type="0"/>
    <Peak1D F1="10.860259" intensity="7.137817e-01" type="0"/>
    <Peak1D F1="5.597584" intensity="3.135139e-01" type="0"/>
    <Peak1D F1="5.586263" intensity="1.500000e+01" type="0"/>
    <Peak1D F1="5.570201" intensity="2.548561e-01" type="0"/>
    <Peak1D F1="5.565536" intensity="1.582625e-01" type="0"/>
    <Peak1D F1="5.557467" intensity="1.081693e-01" type="0"/>
    <Peak1D F1="3.617532" intensity="4.979673e+00" type="0"/>
    <Peak1D F1="3.599035" intensity="1.506668e-01" type="0"/>
    <Peak1D F1="3.587747" intensity="3.816893e+00" type="0"/>
    <Peak1D F1="3.571820" intensity="1.273891e-01" type="0"/>
    <Peak1D F1="3.567926" intensity="1.279249e-01" type="0"/>
    <Peak1D F1="2.277289" intensity="1.496357e-01" type="0"/>
    <Peak1D F1="2.175423" intensity="1.096794e-01" type="0"/>
    <Peak1D F1="2.170229" intensity="2.506958e-01" type="0"/>
    <Peak1D F1="2.163862" intensity="3.712205e-01" type="0"/>
    <Peak1D F1="2.152269" intensity="1.576174e+01" type="0"/>
    <Peak1D F1="2.144454" intensity="1.235503e+00" type="0"/>
    <Peak1D F1="2.119934" intensity="1.146844e-01" type="0"/>
    <Peak1D F1="2.113108" intensity="1.501980e-01" type="0"/>
    <Peak1D F1="2.085717" intensity="1.321408e-01" type="0"/>
    <Peak1D F1="2.078074" intensity="1.304302e-01" type="0"/>
    <Peak1D F1="2.071499" intensity="1.825426e-01" type="0"/>
    <Peak1D F1="2.061057" intensity="2.910601e-01" type="0"/>
    <Peak1D F1="2.041719" intensity="6.198483e-01" type="0"/>
    <Peak1D F1="2.038016" intensity="2.846923e-01" type="0"/>
    <Peak1D F1="2.036758" intensity="3.324659e-01" type="0"/>
    <Peak1D F1="2.029935" intensity="2.355542e+00" type="0"/>
    <Peak1D F1="2.018633" intensity="1.179931e+02" type="0"/>
    <Peak1D F1="2.002219" intensity="1.005472e+00" type="0"/>
    <Peak1D F1="1.997590" intensity="7.511488e-01" type="0"/>
    <Peak1D F1="1.990000" intensity="6.482180e-01" type="0"/>
    <Peak1D F1="1.986295" intensity="5.305467e-01" type="0"/>
    <Peak1D F1="1.983873" intensity="4.671798e-01" type="0"/>
    <Peak1D F1="1.979558" intensity="5.056934e-01" type="0"/>
    <Peak1D F1="1.972960" intensity="3.041538e-01" type="0"/>
    <Peak1D F1="1.968408" intensity="3.592178e-01" type="0"/>
    <Peak1D F1="1.962869" intensity="1.686936e-01" type="0"/>
    <Peak1D F1="1.953969" intensity="2.719918e-01" type="0"/>
    <Peak1D F1="1.951573" intensity="1.673060e-01" type="0"/>
    <Peak1D F1="1.948861" intensity="1.650638e-01" type="0"/>
    <Peak1D F1="1.945136" intensity="1.222243e-01" type="0"/>
    <Peak1D F1="1.942977" intensity="1.465861e-01" type="0"/>
    <Peak1D F1="1.936880" intensity="1.356523e-01" type="0"/>
    <Peak1D F1="1.932804" intensity="1.297867e-01" type="0"/>
    <Peak1D F1="1.927753" intensity="2.204064e-01" type="0"/>
    <Peak1D F1="1.925546" intensity="3.062233e-01" type="0"/>
    <Peak1D F1="1.919093" intensity="1.182162e-01" type="0"/>
    <Peak1D F1="1.911973" intensity="2.356161e-01" type="0"/>
    <Peak1D F1="1.909186" intensity="1.848637e-01" type="0"/>
    <Peak1D F1="1.897500" intensity="5.008466e-01" type="0"/>
    <Peak1D F1="1.889242" intensity="6.153388e-01" type="0"/>
    <Peak1D F1="1.765032" intensity="4.019235e+00" type="0"/>
  </PeakList1D>
</PeakList>
