<?xml version="1.0" encoding="UTF-8"?>
<PeakList>
  <PeakList1D>
    <PeakList1DHeader creator="nmr" date="2025-02-21T14:11:47.877-07:00" expNo="10" name="2025_02_21_AcAc_CDCl3_Temp_298K" owner="" procNo="1" source="D:/AutomationData/data/nmr/nmr">
      <PeakPickDetails>F1=20.868401ppm, F2=-8.534543ppm, MI=0.10cm, MAXI=10000.00cm, PC=1.000
      </PeakPickDetails>
    </PeakList1DHeader>
    <Peak1D F1="7.276315" intensity="1.926878e-01" type="0"/>
    <Peak1D F1="5.505230" intensity="2.479519e+00" type="0"/>
    <Peak1D F1="3.594377" intensity="6.525663e-01" type="0"/>
    <Peak1D F1="2.243217" intensity="2.379719e+00" type="0"/>
    <Peak1D F1="2.047668" intensity="1.500000e+01" type="0"/>
    <Peak1D F1="-0.000226" intensity="4.683899e-01" type="0"/>
  </PeakList1D>
</PeakList>
