<?xml version="1.0" encoding="UTF-8"?>
<PeakList>
  <PeakList1D>
    <PeakList1DHeader creator="nmr" date="2025-02-21T16:31:26.640-07:00" expNo="10" name="2025_02_21_AcAc_MeOD_Temp_323K" owner="" procNo="1" source="D:/AutomationData/data/nmr/nmr">
      <PeakPickDetails>F1=20.853809ppm, F2=-8.549134ppm, MI=0.10cm, MAXI=10000.00cm, PC=1.000
      </PeakPickDetails>
    </PeakList1DHeader>
    <Peak1D F1="4.770140" intensity="4.162602e+00" type="0"/>
    <Peak1D F1="3.921483" intensity="1.115437e-01" type="0"/>
    <Peak1D F1="3.306570" intensity="1.104462e+00" type="0"/>
    <Peak1D F1="2.235561" intensity="6.903815e-01" type="0"/>
    <Peak1D F1="2.187818" intensity="7.200505e+00" type="0"/>
    <Peak1D F1="2.182976" intensity="8.902226e+00" type="0"/>
    <Peak1D F1="2.149351" intensity="8.297122e-01" type="0"/>
    <Peak1D F1="2.023630" intensity="1.500000e+01" type="0"/>
    <Peak1D F1="1.985186" intensity="1.061654e-01" type="0"/>
    <Peak1D F1="1.325405" intensity="7.960709e+00" type="0"/>
    <Peak1D F1="1.155165" intensity="1.132545e+00" type="0"/>
    <Peak1D F1="1.142882" intensity="1.131770e+00" type="0"/>
    <Peak1D F1="-0.000222" intensity="9.642875e-01" type="0"/>
  </PeakList1D>
</PeakList>
