<?xml version="1.0" encoding="UTF-8"?>
<PeakList>
  <PeakList1D>
    <PeakList1DHeader creator="nmr" date="2025-02-21T14:23:29.405-07:00" expNo="10" name="2025_02_21_AcAc_CDCl3_Temp_303K" owner="" procNo="1" source="D:/AutomationData/data/nmr/nmr">
      <PeakPickDetails>F1=20.865320ppm, F2=-8.537623ppm, MI=0.10cm, MAXI=10000.00cm, PC=1.000
      </PeakPickDetails>
    </PeakList1DHeader>
    <Peak1D F1="7.273180" intensity="1.935700e-01" type="0"/>
    <Peak1D F1="5.499200" intensity="2.471506e+00" type="0"/>
    <Peak1D F1="3.586707" intensity="7.017990e-01" type="0"/>
    <Peak1D F1="2.237876" intensity="2.545804e+00" type="0"/>
    <Peak1D F1="2.043508" intensity="1.500000e+01" type="0"/>
    <Peak1D F1="-0.000220" intensity="4.685915e-01" type="0"/>
  </PeakList1D>
</PeakList>
