<?xml version="1.0" encoding="UTF-8"?>
<PeakList>
  <PeakList1D>
    <PeakList1DHeader creator="nmr" date="2025-02-21T14:50:49.720-07:00" expNo="10" name="2025_02_21_AcAc_CDCl3_Temp_318K" owner="" procNo="1" source="D:/AutomationData/data/nmr/nmr">
      <PeakPickDetails>F1=20.865170ppm, F2=-8.537774ppm, MI=0.10cm, MAXI=10000.00cm, PC=1.000
      </PeakPickDetails>
    </PeakList1DHeader>
    <Peak1D F1="7.273278" intensity="1.928119e-01" type="0"/>
    <Peak1D F1="5.499351" intensity="2.488647e+00" type="0"/>
    <Peak1D F1="3.586786" intensity="7.261072e-01" type="0"/>
    <Peak1D F1="2.237931" intensity="2.589361e+00" type="0"/>
    <Peak1D F1="2.063164" intensity="1.044097e-01" type="0"/>
    <Peak1D F1="2.060011" intensity="1.238233e-01" type="0"/>
    <Peak1D F1="2.043615" intensity="1.500000e+01" type="0"/>
    <Peak1D F1="-0.000226" intensity="4.682409e-01" type="0"/>
  </PeakList1D>
</PeakList>
