<?xml version="1.0" encoding="UTF-8"?>
<PeakList>
  <PeakList1D>
    <PeakList1DHeader creator="nmr" date="2024-09-08T16:56:51.842-07:00" expNo="10" name="2024_09_08_AcAc_Acetone_Bruker500" owner="" procNo="1" source="D:/AutomationData/data/nmr/nmr">
      <PeakPickDetails>F1=20.861940ppm, F2=-8.541003ppm, MI=0.10cm, MAXI=10000.00cm, PC=1.000
      </PeakPickDetails>
    </PeakList1DHeader>
    <Peak1D F1="15.654289" intensity="4.444425e-01" type="0"/>
    <Peak1D F1="5.633967" intensity="1.500000e+01" type="0"/>
    <Peak1D F1="3.669715" intensity="9.139043e+00" type="0"/>
    <Peak1D F1="3.653601" intensity="3.372670e-01" type="0"/>
    <Peak1D F1="3.648825" intensity="3.436378e-01" type="0"/>
    <Peak1D F1="3.643950" intensity="3.126180e-01" type="0"/>
    <Peak1D F1="2.304551" intensity="3.407977e-01" type="0"/>
    <Peak1D F1="2.290478" intensity="2.361826e-01" type="0"/>
    <Peak1D F1="2.238632" intensity="1.330873e-01" type="0"/>
    <Peak1D F1="2.211342" intensity="1.220142e-01" type="0"/>
    <Peak1D F1="2.205528" intensity="3.218210e-01" type="0"/>
    <Peak1D F1="2.189771" intensity="1.661145e-01" type="0"/>
    <Peak1D F1="2.180982" intensity="2.058316e-01" type="0"/>
    <Peak1D F1="2.164513" intensity="3.989010e+01" type="0"/>
    <Peak1D F1="2.144890" intensity="2.173749e-01" type="0"/>
    <Peak1D F1="2.140183" intensity="8.296662e-01" type="0"/>
    <Peak1D F1="2.131157" intensity="2.283269e-01" type="0"/>
    <Peak1D F1="2.126126" intensity="4.908085e-01" type="0"/>
    <Peak1D F1="2.108425" intensity="1.677327e-01" type="0"/>
    <Peak1D F1="2.102096" intensity="1.203674e-01" type="0"/>
    <Peak1D F1="2.094140" intensity="1.292403e-01" type="0"/>
    <Peak1D F1="2.088552" intensity="1.925738e-01" type="0"/>
    <Peak1D F1="2.081470" intensity="1.092371e-01" type="0"/>
    <Peak1D F1="2.073321" intensity="1.280604e-01" type="0"/>
    <Peak1D F1="2.060971" intensity="9.356735e-01" type="0"/>
    <Peak1D F1="2.056518" intensity="1.473638e+00" type="0"/>
    <Peak1D F1="2.052164" intensity="2.123528e+00" type="0"/>
    <Peak1D F1="2.047764" intensity="1.535639e+00" type="0"/>
    <Peak1D F1="2.043396" intensity="8.409732e-01" type="0"/>
    <Peak1D F1="2.035724" intensity="7.248945e-01" type="0"/>
    <Peak1D F1="2.030147" intensity="6.488161e-01" type="0"/>
    <Peak1D F1="2.014328" intensity="1.271401e+02" type="0"/>
    <Peak1D F1="1.990755" intensity="3.988545e-01" type="0"/>
    <Peak1D F1="1.986710" intensity="5.620456e-01" type="0"/>
    <Peak1D F1="1.981892" intensity="4.507842e-01" type="0"/>
    <Peak1D F1="1.977332" intensity="4.700148e-01" type="0"/>
    <Peak1D F1="1.972393" intensity="3.355848e-01" type="0"/>
    <Peak1D F1="1.960818" intensity="4.548362e-01" type="0"/>
    <Peak1D F1="1.951103" intensity="1.783561e-01" type="0"/>
    <Peak1D F1="1.942994" intensity="1.473740e-01" type="0"/>
    <Peak1D F1="1.928527" intensity="1.253363e-01" type="0"/>
    <Peak1D F1="1.884825" intensity="7.961502e-01" type="0"/>
    <Peak1D F1="1.521444" intensity="2.620738e-01" type="0"/>
    <Peak1D F1="0.116250" intensity="1.654146e-01" type="0"/>
    <Peak1D F1="0.021850" intensity="1.183772e-01" type="0"/>
    <Peak1D F1="0.015438" intensity="1.426362e-01" type="0"/>
    <Peak1D F1="0.006104" intensity="1.588269e+00" type="0"/>
    <Peak1D F1="-0.000227" intensity="3.769765e+01" type="0"/>
    <Peak1D F1="-0.006863" intensity="1.691392e+00" type="0"/>
    <Peak1D F1="-0.011064" intensity="3.472795e-01" type="0"/>
    <Peak1D F1="-0.019219" intensity="1.303670e-01" type="0"/>
    <Peak1D F1="-0.027659" intensity="1.191909e-01" type="0"/>
    <Peak1D F1="-0.037407" intensity="1.066969e-01" type="0"/>
    <Peak1D F1="-0.120024" intensity="1.678288e-01" type="0"/>
  </PeakList1D>
</PeakList>
