<?xml version="1.0" encoding="UTF-8"?>
<PeakList>
  <PeakList1D>
    <PeakList1DHeader creator="nmr" date="2025-02-21T16:04:12.744-07:00" expNo="10" name="2025_02_21_AcAc_MeOD_Temp_308K" owner="" procNo="1" source="D:/AutomationData/data/nmr/nmr">
      <PeakPickDetails>F1=20.853901ppm, F2=-8.549043ppm, MI=0.10cm, MAXI=10000.00cm, PC=1.000
      </PeakPickDetails>
    </PeakList1DHeader>
    <Peak1D F1="4.769631" intensity="3.962221e+00" type="0"/>
    <Peak1D F1="3.921394" intensity="1.073548e-01" type="0"/>
    <Peak1D F1="3.306564" intensity="1.077563e+00" type="0"/>
    <Peak1D F1="2.235562" intensity="6.858948e-01" type="0"/>
    <Peak1D F1="2.187813" intensity="7.049093e+00" type="0"/>
    <Peak1D F1="2.182932" intensity="8.672812e+00" type="0"/>
    <Peak1D F1="2.149347" intensity="8.163359e-01" type="0"/>
    <Peak1D F1="2.023624" intensity="1.500000e+01" type="0"/>
    <Peak1D F1="1.325426" intensity="7.875765e+00" type="0"/>
    <Peak1D F1="1.155182" intensity="1.127036e+00" type="0"/>
    <Peak1D F1="1.142880" intensity="1.120187e+00" type="0"/>
    <Peak1D F1="-0.000220" intensity="9.551417e-01" type="0"/>
  </PeakList1D>
</PeakList>
