<?xml version="1.0" encoding="UTF-8"?>
<PeakList>
  <PeakList1D>
    <PeakList1DHeader creator="nmr" date="2025-09-25T16:49:28.921-07:00" expNo="10" name="2025_09_25_AcAc_ACN_TMS_Bruker500" owner="" procNo="1" source="D:/AutomationData/data/nmr/nmr">
      <PeakPickDetails>F1=20.848083ppm, F2=-8.554859ppm, MI=0.10cm, MAXI=10000.00cm, PC=1.000
      </PeakPickDetails>
    </PeakList1DHeader>
    <Peak1D F1="15.595761" intensity="2.609767e+00" type="0"/>
    <Peak1D F1="5.607988" intensity="1.445061e+01" type="0"/>
    <Peak1D F1="5.591449" intensity="2.196961e-01" type="0"/>
    <Peak1D F1="5.487238" intensity="1.185860e-01" type="0"/>
    <Peak1D F1="3.720638" intensity="1.127402e-01" type="0"/>
    <Peak1D F1="3.593902" intensity="1.500000e+01" type="0"/>
    <Peak1D F1="3.577146" intensity="2.314382e-01" type="0"/>
    <Peak1D F1="3.568655" intensity="1.550810e-01" type="0"/>
    <Peak1D F1="3.473721" intensity="1.265356e-01" type="0"/>
    <Peak1D F1="2.287454" intensity="2.384494e-01" type="0"/>
    <Peak1D F1="2.265349" intensity="4.332735e-01" type="0"/>
    <Peak1D F1="2.216591" intensity="1.146468e-01" type="0"/>
    <Peak1D F1="2.197252" intensity="1.875333e-01" type="0"/>
    <Peak1D F1="2.179680" intensity="1.414416e-01" type="0"/>
    <Peak1D F1="2.168429" intensity="2.605156e-01" type="0"/>
    <Peak1D F1="2.162691" intensity="3.126225e-01" type="0"/>
    <Peak1D F1="2.158387" intensity="4.085034e-01" type="0"/>
    <Peak1D F1="2.154966" intensity="4.269124e-01" type="0"/>
    <Peak1D F1="2.139421" intensity="5.487588e+01" type="0"/>
    <Peak1D F1="2.122458" intensity="5.099940e-01" type="0"/>
    <Peak1D F1="2.114051" intensity="2.903603e-01" type="0"/>
    <Peak1D F1="2.100414" intensity="1.637817e-01" type="0"/>
    <Peak1D F1="2.094028" intensity="2.201085e-01" type="0"/>
    <Peak1D F1="2.090143" intensity="2.188952e-01" type="0"/>
    <Peak1D F1="2.079911" intensity="1.916153e-01" type="0"/>
    <Peak1D F1="2.068038" intensity="1.362237e-01" type="0"/>
    <Peak1D F1="2.043306" intensity="2.929620e-01" type="0"/>
    <Peak1D F1="2.034601" intensity="2.692297e-01" type="0"/>
    <Peak1D F1="2.014434" intensity="8.927552e+01" type="0"/>
    <Peak1D F1="1.997242" intensity="8.426660e-01" type="0"/>
    <Peak1D F1="1.989099" intensity="4.397786e-01" type="0"/>
    <Peak1D F1="1.975675" intensity="2.203920e-01" type="0"/>
    <Peak1D F1="1.969313" intensity="2.631156e-01" type="0"/>
    <Peak1D F1="1.964679" intensity="2.916304e-01" type="0"/>
    <Peak1D F1="1.957743" intensity="2.558884e-01" type="0"/>
    <Peak1D F1="1.950031" intensity="1.378118e+00" type="0"/>
    <Peak1D F1="1.945107" intensity="2.664994e+00" type="0"/>
    <Peak1D F1="1.940201" intensity="3.838233e+00" type="0"/>
    <Peak1D F1="1.935287" intensity="2.699331e+00" type="0"/>
    <Peak1D F1="1.930375" intensity="1.499313e+00" type="0"/>
    <Peak1D F1="1.917891" intensity="1.554729e-01" type="0"/>
    <Peak1D F1="1.907236" intensity="1.511881e-01" type="0"/>
    <Peak1D F1="1.893576" intensity="7.538502e-01" type="0"/>
    <Peak1D F1="1.884768" intensity="4.506016e-01" type="0"/>
    <Peak1D F1="1.466036" intensity="1.832341e-01" type="0"/>
    <Peak1D F1="-0.000224" intensity="2.536724e+00" type="0"/>
  </PeakList1D>
</PeakList>
