<?xml version="1.0" encoding="UTF-8"?>
<PeakList>
  <PeakList1D>
    <PeakList1DHeader creator="nmr" date="2025-02-21T16:22:22.534-07:00" expNo="10" name="2025_02_21_AcAc_MeOD_Temp_318K" owner="" procNo="1" source="D:/AutomationData/data/nmr/nmr">
      <PeakPickDetails>F1=20.853840ppm, F2=-8.549104ppm, MI=0.10cm, MAXI=10000.00cm, PC=1.000
      </PeakPickDetails>
    </PeakList1DHeader>
    <Peak1D F1="4.770038" intensity="4.115588e+00" type="0"/>
    <Peak1D F1="3.921531" intensity="1.118436e-01" type="0"/>
    <Peak1D F1="3.306553" intensity="1.100311e+00" type="0"/>
    <Peak1D F1="2.235536" intensity="6.809762e-01" type="0"/>
    <Peak1D F1="2.187808" intensity="7.168844e+00" type="0"/>
    <Peak1D F1="2.182957" intensity="8.838786e+00" type="0"/>
    <Peak1D F1="2.149336" intensity="8.212451e-01" type="0"/>
    <Peak1D F1="2.023620" intensity="1.500000e+01" type="0"/>
    <Peak1D F1="1.985418" intensity="1.006297e-01" type="0"/>
    <Peak1D F1="1.325402" intensity="7.937263e+00" type="0"/>
    <Peak1D F1="1.155166" intensity="1.132299e+00" type="0"/>
    <Peak1D F1="1.142874" intensity="1.125157e+00" type="0"/>
    <Peak1D F1="-0.000221" intensity="9.622999e-01" type="0"/>
  </PeakList1D>
</PeakList>
