<?xml version="1.0" encoding="UTF-8"?>
<PeakList>
  <PeakList1D>
    <PeakList1DHeader creator="nmr" date="2025-02-21T14:41:42.020-07:00" expNo="10" name="2025_02_21_AcAc_CDCl3_Temp_313K" owner="" procNo="1" source="D:/AutomationData/data/nmr/nmr">
      <PeakPickDetails>F1=20.865179ppm, F2=-8.537765ppm, MI=0.10cm, MAXI=10000.00cm, PC=1.000
      </PeakPickDetails>
    </PeakList1DHeader>
    <Peak1D F1="7.273258" intensity="1.921231e-01" type="0"/>
    <Peak1D F1="5.499322" intensity="2.482290e+00" type="0"/>
    <Peak1D F1="3.586787" intensity="7.169910e-01" type="0"/>
    <Peak1D F1="2.237924" intensity="2.572415e+00" type="0"/>
    <Peak1D F1="2.043586" intensity="1.500000e+01" type="0"/>
    <Peak1D F1="-0.000228" intensity="4.696967e-01" type="0"/>
  </PeakList1D>
</PeakList>
